
                <TEI xmlns="http://www.tei-c.org/ns/1.0">
                <teiHeader xmlns="http://www.tei-c.org/ns/1.0">
 <fileDesc>
  <titleStmt>
  </titleStmt>
  <extent>
   <measure quantity="5" unit="characters">
    5
   </measure>
   <measure quantity="1" unit="words">
    1
   </measure>
   <measure quantity="1" unit="sentences">
    1
   </measure>
  </extent>
  <publicationStmt>
  </publicationStmt>
  <noteStmt>
  </noteStmt>
  <sourceDesc>
  </sourceDesc>
 </fileDesc>
 <encodingDesc>
  <appInfo>
   <application ident="AscarisEditor" version="0.1.0" when="2023-09-12">
    <label>
     Ascaris Editor
    </label>
   </application>
  </appInfo>
 </encodingDesc>
 <profileDesc>
 </profileDesc>
</teiHeader>

                <text>
 <p n="1" xml:id="D1P1">
  prova
 </p>
</text>

                </TEI>
                