
                <TEI xmlns="http://www.tei-c.org/ns/1.0">
                <teiHeader xmlns="http://www.tei-c.org/ns/1.0">
 <fileDesc>
  <titleStmt>
  </titleStmt>
  <extent>
   <measure quantity="515" unit="characters">
    515
   </measure>
   <measure quantity="78" unit="words">
    78
   </measure>
   <measure quantity="5" unit="sentences">
    5
   </measure>
  </extent>
  <publicationStmt>
  </publicationStmt>
  <noteStmt>
  </noteStmt>
  <sourceDesc>
  </sourceDesc>
 </fileDesc>
 <encodingDesc>
  <appInfo>
   <application ident="AscarisEditor" version="0.1.0" when="2023-09-12">
    <label>
     Ascaris Editor
    </label>
   </application>
  </appInfo>
 </encodingDesc>
 <profileDesc>
 </profileDesc>
</teiHeader>

                <text>
 <p n="1" xml:id="D10P1">
  Documentation of endpoints is an essential task in web development and being able to apply it in different frameworks is always a utility. This article discusses how endpoints in Flask can be decorated to generate good documentation of them using the Flask-Autodoc module. This module provides the following features – 
Helps to document endpoints of application based upon routes, function arguments, and docstrings.
Renders on the terminal as well as on HTML templates.
Customed grouping and templating provided.
 </p>
</text>

                </TEI>
                