
                <TEI xmlns="http://www.tei-c.org/ns/1.0">
                <teiHeader xmlns="http://www.tei-c.org/ns/1.0">
 <fileDesc>
  <titleStmt>
   <title lang="it" level="u" type="main" xml:id="title-1">
    prova titolo terza
   </title>
   <author sameAs="https://www.wikidata.org/wiki/Q9391">
    Wittgenstein, Ludwig
   </author>
  </titleStmt>
  <extent>
   <measure quantity="1262" unit="characters">
    1262
   </measure>
   <measure quantity="202" unit="words">
    202
   </measure>
   <measure quantity="14" unit="sentences">
    14
   </measure>
  </extent>
  <publicationStmt>
   <publisher sameAs="https://www.wikidata.org/wiki/Q746413">
    Elsevier
   </publisher>
   <pubPlace sameAs="https://www.wikidata.org/wiki/Q34217">
    Oxford
   </pubPlace>
   <date when="1999-10-10 00:00:00">
    1999-10-10 00:00:00
   </date>
   <idno type="DOI" xml:id="identifier-1">
    10.1000/182
   </idno>
   <availability status="unknown">
    <license target="https://creativecommons.org/publicdomain/zero/1.0/">
     Lorem ipsum dixit
    </license>
   </availability>
  </publicationStmt>
  <noteStmt>
   <note xml:id="note-1">
    prova note
   </note>
  </noteStmt>
  <sourceDesc>
   <bibl xml:id="source-1">
    Smith, J. D. (2023). Exploring the Uncharted: Adventures in Fictional Realms. Fictional Publishing.
   </bibl>
  </sourceDesc>
 </fileDesc>
 <encodingDesc>
  <appInfo>
   <application ident="AscarisEditor" version="0.1.0" when="2023-09-12">
    <label>
     Ascaris Editor
    </label>
   </application>
  </appInfo>
  <projectDesc>
   <p>
    prova descrizione
   </p>
  </projectDesc>
 </encodingDesc>
 <profileDesc>
  <creation>
   <date when="1994-12-09 00:00:00">
    1994-12-09 00:00:00
   </date>
   <placeName sameAs="https://www.wikidata.org/wiki/Q187027">
    Kos
   </placeName>
  </creation>
  <langUsage>
   <language ident="en" usage="80">
    Modern English
   </language>
  </langUsage>
  <textClass>
   <catRef target="http://purl.org/ascaris/docta/book">
   </catRef>
  </textClass>
 </profileDesc>
</teiHeader>

                <text>
 <p n="1" xml:id="D3P1">
  An extension can have different
  <persName n="D3A73">
   HTML
  </persName>
  pages depending on the design.
 </p>
 <p n="2" xml:id="D3P2">
  All extension HTML files can use the
  <orgName evidence="internal" n="D3A75">
   Chrome
  </orgName>
  APIs, but cannot include inline
  <persName cert="high" evidence="conjecture" n="D3A74">
   Javascript
  </persName>
  ; they must point to a JavaScript file.
 </p>
 <p n="3" xml:id="D3P3">
  The two most common HTML
  <placeName cert="high" n="D3A79">
   pages
  </placeName>
  are:

The
  <date cert="high" evidence="conjecture" from="1001-10-10" n="D3A78" to="1010-10-10">
   popup
  </date>
  Many extensions use a popup (
  <bibl evidence="external" n="D3A76">
   popup.html
  </bibl>
  ) to provide functionality, such as displaying a list of tabs, or additional information regarding the current tab. Users can easily find it by clicking on the extension toolbar icon. When the user navigates away it will automatically close.
 </p>
 <p n="4" xml:id="D3P4">
  The options page
The options page (options.html) provides a way for users to customize an extension, such as choosing which sites the extension will run on. Users can access the options page in several ways as described in Finding the options page.
 </p>
 <p n="5" xml:id="D3P5">
  Side panels
A side panel (
  <bibl cert="low" n="D3A77">
   sidepanel.html
  </bibl>
  ) can be used to assist users throughout their browsing journey. Users can find extension side panels by navigating to Chrome's side panel UI or by clicking the extension toolbar icon. Side panels can be configured to only be displayed on specific sites.
 </p>
 <p n="6" xml:id="D3P6">
  Other extension HTML pages include Chrome override pages, sandbox pages or any custom page included for a specific purpose like onboarding the user.
 </p>
</text>

                </TEI>
                