
                <TEI xmlns="http://www.tei-c.org/ns/1.0">
                <teiHeader xmlns="http://www.tei-c.org/ns/1.0">
 <fileDesc>
  <titleStmt>
  </titleStmt>
  <extent>
   <measure quantity="943" unit="characters">
    943
   </measure>
   <measure quantity="161" unit="words">
    161
   </measure>
   <measure quantity="9" unit="sentences">
    9
   </measure>
  </extent>
  <publicationStmt>
  </publicationStmt>
  <noteStmt>
  </noteStmt>
  <sourceDesc>
  </sourceDesc>
 </fileDesc>
 <encodingDesc>
  <appInfo>
   <application ident="AscarisEditor" version="0.1.0" when="2023-09-12">
    <label>
     Ascaris Editor
    </label>
   </application>
  </appInfo>
 </encodingDesc>
 <profileDesc>
 </profileDesc>
</teiHeader>

                <text>
 <p n="1" xml:id="D4P1">
  In this post, we will use the Flask framework to create our web application in Python. The Bokeh library will be used to create interactive graphs and we will visualize this graph through a simple frontend HTML page. For this, we will first write the endpoints in Flask which will help us to create Bokeh charts, and then we will create HTML templates that will utilize these Bokeh charts to display them to the user.

Flask is a web framework that offers libraries for creating simple web applications in Python. It is built using the Jinja2 template engine and the WSGI tools. Flask is considered a micro-framework. Web server gateway interface, sometimes known as WSGI, is a standard for creating web applications in Python. It is regarded as the specification for the common interface between the web application and server. Jinja2 is a web template engine that renders dynamic web pages by fusing a template with a specific data source.
 </p>
</text>

                </TEI>
                