
                <TEI xmlns="http://www.tei-c.org/ns/1.0">
                <teiHeader xmlns="http://www.tei-c.org/ns/1.0">
 <fileDesc>
  <titleStmt>
  </titleStmt>
  <extent>
   <measure quantity="544" unit="characters">
    544
   </measure>
   <measure quantity="92" unit="words">
    92
   </measure>
   <measure quantity="5" unit="sentences">
    5
   </measure>
  </extent>
  <publicationStmt>
  </publicationStmt>
  <noteStmt>
  </noteStmt>
  <sourceDesc>
  </sourceDesc>
 </fileDesc>
 <encodingDesc>
  <appInfo>
   <application ident="AscarisEditor" version="0.1.0" when="2023-09-12">
    <label>
     Ascaris Editor
    </label>
   </application>
  </appInfo>
 </encodingDesc>
 <profileDesc>
 </profileDesc>
</teiHeader>

                <text>
 <p n="1" xml:id="D5P1">
  To create an HTML page, we will use the most popular Bootstrap framework. It has pre-defined CSS and JS classes which will help us to create a good-looking form with minimal code. For our purpose, we are using Bootstrap and CSS along with Bokeh JS. Bokeh JS contains all the required JavaScript functions to help the graphs with the required functionalities like loading data, zooming in or out, saving the graphs, etc. Please note that anything written within double curly braces ({{…}}) is interpreted as python code within the HTML template.
 </p>
</text>

                </TEI>
                